niche,keyword,reason
farm_real_estate_loans,state farm mortgage customer service,relevance_filter
farm_real_estate_loans,state farm mortgage insurance phone number,relevance_filter
farm_real_estate_loans,state farm mortgage payment phone number,relevance_filter
farm_equipment,lawn tractor for sale,relevance_filter
farm_equipment,toy farm equipment for sale,relevance_filter
farm_equipment,used lawn tractor for sale,relevance_filter
farm_equipment,zero turn lawn tractor for sale,relevance_filter
farm_insurance,agricultural insurance definition,relevance_filter
farm_insurance,agricultural insurance jobs,relevance_filter
farm_insurance,agricultural insurance meaning,relevance_filter
farm_insurance,agricultural insurance pdf,relevance_filter
farm_insurance,customer service state farm insurance,relevance_filter
farm_insurance,does state farm liability insurance cover rental cars,relevance_filter
farm_insurance,farm insurance jobs,relevance_filter
farm_insurance,how much is state farm liability insurance,relevance_filter
farm_insurance,insurance state farm insurance,relevance_filter
farm_insurance,login state farm insurance,relevance_filter
farm_insurance,meaning of agricultural insurance,relevance_filter
farm_insurance,nigerian agricultural insurance corporation salary,relevance_filter
farm_insurance,phone number for state farm insurance,relevance_filter
farm_insurance,quote for state farm insurance,relevance_filter
farm_insurance,state farm insurance,relevance_filter
farm_insurance,state farm insurance agencies,relevance_filter
farm_insurance,state farm insurance agency,relevance_filter
farm_insurance,state farm insurance agent,relevance_filter
farm_insurance,state farm insurance agents,relevance_filter
farm_insurance,state farm insurance auto insurance,relevance_filter
farm_insurance,state farm insurance auto phone number,relevance_filter
farm_insurance,state farm insurance auto quote,relevance_filter
farm_insurance,state farm insurance car,relevance_filter
farm_insurance,state farm insurance car insurance,relevance_filter
farm_insurance,state farm insurance card,relevance_filter
farm_insurance,state farm insurance cards,relevance_filter
farm_insurance,state farm insurance close to me,relevance_filter
farm_insurance,state farm insurance closest to me,relevance_filter
farm_insurance,state farm insurance companies near me,relevance_filter
farm_insurance,state farm insurance company customer service,relevance_filter
farm_insurance,state farm insurance company login,relevance_filter
farm_insurance,state farm insurance company near me,relevance_filter
farm_insurance,state farm insurance customer service,relevance_filter
farm_insurance,state farm insurance customer service number,relevance_filter
farm_insurance,state farm insurance for car,relevance_filter
farm_insurance,state farm insurance for cars,relevance_filter
farm_insurance,state farm insurance for home,relevance_filter
farm_insurance,state farm insurance for homeowners,relevance_filter
farm_insurance,state farm insurance get a quote,relevance_filter
farm_insurance,state farm insurance home,relevance_filter
farm_insurance,state farm insurance home insurance,relevance_filter
farm_insurance,state farm insurance home insurance quote,relevance_filter
farm_insurance,state farm insurance home quote,relevance_filter
farm_insurance,state farm insurance homeowners,relevance_filter
farm_insurance,state farm insurance homeowners quote,relevance_filter
farm_insurance,state farm insurance house,relevance_filter
farm_insurance,state farm insurance insurance card,relevance_filter
farm_insurance,state farm insurance login,relevance_filter
farm_insurance,state farm insurance near me,relevance_filter
farm_insurance,state farm insurance phone number,relevance_filter
farm_insurance,state farm insurance quote,relevance_filter
farm_insurance,state farm insurance quote auto,relevance_filter
farm_insurance,state farm insurance quote auto and home,relevance_filter
farm_insurance,state farm insurance quote calculator,relevance_filter
farm_insurance,state farm insurance quote california,relevance_filter
farm_insurance,state farm insurance quote canada,relevance_filter
farm_insurance,state farm insurance quote car,relevance_filter
farm_insurance,state farm insurance quote customer service,relevance_filter
farm_insurance,state farm insurance quote florida,relevance_filter
farm_insurance,state farm insurance quote for motorcycle,relevance_filter
farm_insurance,state farm insurance quote free,relevance_filter
farm_insurance,state farm insurance quote home,relevance_filter
farm_insurance,state farm insurance quote home and auto,relevance_filter
farm_insurance,state farm insurance quote homeowners,relevance_filter
farm_insurance,state farm insurance quote motorcycle,relevance_filter
farm_insurance,state farm insurance quote nc,relevance_filter
farm_insurance,state farm insurance quote near me,relevance_filter
farm_insurance,state farm insurance quote number,relevance_filter
farm_insurance,state farm insurance quote online,relevance_filter
farm_insurance,state farm insurance quote pa,relevance_filter
farm_insurance,state farm insurance quote phone number,relevance_filter
farm_insurance,state farm insurance quote renters,relevance_filter
farm_insurance,state farm insurance quotes,relevance_filter
farm_insurance,state farm insurance quotes auto,relevance_filter
farm_insurance,state farm insurance quotes car,relevance_filter
farm_insurance,state farm insurance quotes homeowners,relevance_filter
farm_insurance,state farm insurance renters,relevance_filter
farm_insurance,state farm insurance renters insurance,relevance_filter
farm_insurance,state farm insurance renters policy,relevance_filter
farm_insurance,state farm insurance vehicle,relevance_filter
farm_insurance,state farm liability insurance,relevance_filter
farm_insurance,state farm liability insurance business,relevance_filter
farm_insurance,state farm liability insurance car,relevance_filter
farm_insurance,state farm liability insurance cost,relevance_filter
farm_insurance,state farm liability insurance coverage,relevance_filter
farm_insurance,state farm liability insurance for small business,relevance_filter
farm_insurance,state farm liability insurance quote,relevance_filter
farm_insurance,state farm liability insurance rental car,relevance_filter
farm_insurance,state state farm insurance,relevance_filter
farm_insurance,western agricultural insurance company claims phone number,relevance_filter
farm_insurance,western agricultural insurance company phone number,relevance_filter
farm_insurance,what does state farm liability insurance cover,relevance_filter
irrigation,center pivot irrigation ap human geography definition,relevance_filter
irrigation,center pivot irrigation definition,relevance_filter
irrigation,center pivot irrigation design pdf,relevance_filter
irrigation,design and operation of farm irrigation systems pdf,relevance_filter
crop_insurance,crop insurance adjuster job,relevance_filter
crop_insurance,crop insurance adjuster jobs,relevance_filter
crop_insurance,crop insurance agent job description,relevance_filter
crop_insurance,crop insurance agent jobs,relevance_filter
crop_insurance,crop insurance agent salary,relevance_filter
crop_insurance,crop insurance agent training,relevance_filter
crop_insurance,crop insurance claims adjuster jobs,relevance_filter
crop_insurance,crop insurance job,relevance_filter
crop_insurance,crop insurance jobs,relevance_filter
crop_insurance,diversified crop insurance agent login,relevance_filter
crop_insurance,great american crop insurance agent login,relevance_filter
crop_insurance,mpci insurance definition,relevance_filter
dairy_robotics,dairy automation jobs,relevance_filter
farm_management_software,agriculture farm management software free download,relevance_filter
farm_management_software,agriculture management software free download,relevance_filter
farm_management_software,dairy farm management software free download full version,relevance_filter
farm_management_software,dairy farm record keeping software free download,relevance_filter
farm_management_software,farm erp login,relevance_filter
farm_management_software,farm management software free download,relevance_filter
farm_management_software,poultry farm management software free download,relevance_filter
farm_auction,farm equipment auction results,relevance_filter
grain_marketing,cargill grain marketing advisor salary,relevance_filter
farm_accounting,agriculture accounting jobs,relevance_filter
farm_accounting,agriculture accounting pdf,relevance_filter
farm_accounting,agriculture accounting software free download,relevance_filter
farm_accounting,farm accountant job description,relevance_filter
farm_accounting,farm accountant jobs,relevance_filter
crop_inputs,agricultural chemical dealer job description,relevance_filter
agricultural_legal,agricultural lawyer course,relevance_filter
agricultural_legal,agricultural lawyer job description,relevance_filter
agricultural_legal,agricultural lawyer job outlook,relevance_filter
agricultural_legal,agricultural lawyer jobs,relevance_filter
agricultural_legal,agricultural lawyer salary,relevance_filter
agricultural_legal,agricultural lawyer salary in south africa,relevance_filter
agricultural_legal,agriculture attorney jobs,relevance_filter
agricultural_legal,state farm attorney jobs,relevance_filter
agricultural_legal,state farm attorney salary,relevance_filter
agronomy_consulting,agricultural consulting jobs,relevance_filter
agronomy_consulting,agricultural consulting salary,relevance_filter
agronomy_consulting,agronomy consulting services,relevance_filter
agronomy_consulting,crop consultant degree,relevance_filter
agronomy_consulting,crop consultant job description,relevance_filter
agronomy_consulting,crop consultant jobs,relevance_filter
agronomy_consulting,crop consultant jobs near me,relevance_filter
agronomy_consulting,crop consultant salary,relevance_filter
agronomy_consulting,farm agronomist jobs,relevance_filter
agronomy_consulting,international agricultural consulting jobs,relevance_filter
agronomy_consulting,nutrien crop consultant salary,relevance_filter
agronomy_consulting,progressive agronomy consulting,relevance_filter
