Market,Candidate Buyer,Product,Why It Qualifies,Priority,Buyer Validation Question
Agricultural finance,AgDirect,Farm equipment finance,"4,000+ dealership locations; online/direct application; agriculture-only financing",HIGH,"Do you accept third-party exclusive applications, and what monthly cap/CPL can you support?"
Agricultural finance,Farm Credit EXPRESS,Farm equipment finance,Dealer-based ag equipment financing through Farm Credit/Ag Credit associations,HIGH,Can a program or association buy centrally routed qualified equipment-finance applications?
Agricultural finance,AgAmerica,Land + working capital,Nationwide ag lender; $50K+ / 25+ acre screen; referral partnerships,HIGH,"What is a verified eligible borrower worth, and how many can you absorb by state?"
Agricultural finance,American Farm Mortgage,Ag real-estate loans,Nationwide ag real-estate lender; application and agent/partnership program,HIGH,"Would you structure a paid pilot as CPL, referral, or another compliant compensation model?"
Farm insurance,Nationwide Agribusiness,Farm/ranch P&C,"Large carrier, farm-certified agent channel, commercial farm/ranch products",HIGH,"Should lead buying sit with carrier, appointed agency or agent network?"
Farm insurance,COUNTRY Financial,Farm + crop,400+ farm-certified reps reported for 2026; farm and crop offerings,MEDIUM,Which states/reps have growth capacity and can accept centrally generated leads?
Farm equipment sales,Titan Machinery,New/used farm equipment,100+ full-service dealer locations; large U.S. agricultural footprint,HIGH,Who owns centralized digital acquisition and territory routing?
Farm equipment sales,RDO Equipment,Farm equipment,85 locations / 12 states shown on current site,HIGH,Would regional stores accept exclusive qualified equipment inquiries from an external source?
Grain systems,Sukup / dealer network,Grain storage and drying,Commercial bins up to 2.25M bushels; dealer project funnel,MEDIUM,"Does demand-gen budget sit at OEM or dealer level, and what project minimum qualifies?"
Irrigation,Valley dealer network,Center-pivot irrigation,Large dealer network with dealer-contact funnels,MEDIUM,Can Valley/network route leads centrally by territory?
Irrigation,Reinke National Accounts,Center-pivot irrigation,National Account Program across U.S. and Canada,MEDIUM,Can National Accounts absorb net-new qualified farm opportunities?
Farm buildings,Morton Buildings,Agricultural buildings,Direct new-building consultation form with Farm category,MEDIUM,What minimum project size and geography would make an external lead worthwhile?
