Rank,Market,Category,Overall Score,Verdict,Buyer Proof,Leadable Search Volume,Weighted CPC,Max Bid,Search Score,Buyer Capacity,Lead-Buy Culture,Why,Kill Risk
1,Farm equipment financing,Finance,90.1,GO,A,8570,13.67,33.06,79.0,100,100,Best wedge. Explicit equipment-finance PPL market already exists; farm specialization improves qualification.,"Prove accepted CPL, minimum financed amount, credit filters and monthly caps with lenders/brokers."
2,Farm & ranch P&C insurance,Insurance,88.0,GO,A,22040,20.01,54.14,83.4,100,90,"Large clean search demand, high CPC, mature insurance lead-buying culture, enterprise carriers and agent networks.","Farm-specific licensing, geography, carrier appetite and accepted-lead definition must be validated."
3,Farm real estate / land loans,Finance,85.8,STRONG TEST,A-,4190,9.51,15.04,74.0,100,70,"Nationwide agricultural lenders, enormous loan values and standardized qualification make this highly attractive.",Third-party PPL appetite is less proven than equipment finance; validate price and referral/compliance structure.
4,Farm operating / working-capital loans,Finance,84.1,STRONG TEST,A-,830,26.89,59.46,72.4,100,70,Low volume but excellent CPC economics and recurring capital need; overlaps the same buyers as land/equipment finance.,Relationship banking may suppress third-party lead appetite; bundle with other agricultural finance leads.
5,Farm equipment purchases,Equipment,84.1,STRONG TEST,A-,26960,1.56,14.95,62.3,100,70,Large explicit commercial-ag search pool and multi-state dealer groups can absorb meaningful volume.,External PPL buying is unproven and dealer/OEM territories can constrain routing.
6,Grain storage / drying / handling,Infrastructure,81.1,TEST,B+,31680,1.89,15.42,74.2,80,60,Very large clean demand and projects can reach commercial-scale values; strong dealer/manufacturer structure.,CPC is low and buyer PPL appetite is unproven. Validate qualified-project lead value.
7,Farm solar / renewable energy,Energy,81.1,TEST,B,3050,10.98,15.24,72.2,80,70,"High CPC, addressable farm properties and several acquisition channels.","Policy, utility and incentive dependence plus long sales cycles can make economics volatile."
8,Farm buildings / machine storage,Infrastructure,80.9,TEST,B+,2250,3.54,14.8,62.9,90,60,"High-ticket quote-driven projects, direct consultation funnels and strong property targeting.",Installation geography and seasonality constrain buyer capacity.
9,Agricultural irrigation / center pivots,Infrastructure,77.5,TEST,B+,14060,1.59,6.75,65.0,80,60,Strong clean demand and major manufacturer/dealer networks; projects are expensive and farmer-specific.,Low CPC suggests weaker open-auction economics; territories may require network-level buyers.
10,Farm management software,Technology,76.7,TEST,B,2740,34.22,115.0,76.4,80,70,Very high CPC and scalable national acquisition.,Many SaaS ACVs may be too low to support the lead price needed for a $10K-$100K/month buyer.
11,Precision agriculture hardware / retrofit,Technology,76.6,TEST,B,770,1.33,6.04,44.0,90,70,Nationally scalable with excellent equipment/farm targeting.,Search demand is small and OEM/dealer channels may keep acquisition captive.
12,Crop insurance,Insurance,76.6,TEST,B,5890,4.15,7.05,65.4,80,80,Real farmer demand and a nationwide private-agent/AIP distribution system.,"Highly regulated. Marketing, compensation, licensing and lead-sale rules must be cleared first."
13,Dairy robotics / milking automation,Equipment,73.8,TEST,B,2860,1.72,2.98,47.1,70,70,Extremely high project value and herd-size targeting.,"Finite dairy universe, long sales cycles and dealer concentration limit monthly lead volume."
14,Farmland brokerage,Real estate,71.2,WATCH,B-,650,6.0,29.08,59.8,70,50,Huge commissions and excellent landowner data.,Seller intent is rare; state licensing and long attribution windows make PPL awkward.
15,Farm auction services,Services,71.1,WATCH,B-,7790,1.5,3.35,55.6,60,60,Good demand and high seller value for retirement/liquidation events.,Seller events are episodic and buyer base is more regional than enterprise.
16,Farm succession / life-insurance planning,Insurance,70.8,TEST — direct mail,B,0,0.0,0.0,3.8,80,80,Potentially excellent lifetime economics and demographic targeting despite no measurable search demand.,"Do not lead with Google Search. Validate via direct mail, seminars, Meta and landowner-age data."
17,Seed / fertilizer / crop inputs,Inputs,70.4,NO-GO,C,120,1.8,3.47,34.5,100,20,Huge farmer spend and excellent crop/acreage addressability.,Dealer/co-op/agronomist relationships dominate; open PPL demand is weak.
18,Livestock housing / ventilation / manure systems,Infrastructure,69.1,WATCH,C,80,1.78,4.01,30.6,70,60,Large projects and precise livestock targeting.,Too little search demand and buyer fragmentation by species/system.
19,Livestock feed / animal nutrition,Inputs,67.2,NO-GO,C,760,2.13,4.84,44.9,90,20,Recurring farmer spend and good livestock targeting.,Entrenched supplier/nutritionist relationships and local delivery economics.
20,Commercial greenhouse systems,Infrastructure,63.4,WATCH,B-,560,2.68,9.92,52.4,50,50,High project values and multiple systems per project.,Smaller addressable buyer universe and project volume than broad commercial agriculture.
21,Farm anaerobic digesters / biogas,Energy,60.5,NO-GO,C,380,2.56,6.2,38.1,50,50,Individual projects can be enormous.,Finite qualifying-farm list and project complexity make account-based outbound better than PPL.
22,Grain marketing / hedging advisory,Professional services,59.4,NO-GO,C,10,3.99,3.99,34.3,60,50,Potential recurring advisory value.,Virtually no measurable leadable search demand and high trust/compliance friction.
23,Agricultural tile drainage,Infrastructure,58.9,NO-GO,C,630,0.56,9.14,36.3,50,40,Good field/property addressability and meaningful projects.,Highly regional and fragmented contractor base conflicts with the big-buyer strategy.
24,Farm succession / estate advisory,Professional services,58.3,NO-GO,C,80,0.26,0.44,25.5,50,40,High client value and strong demographic targeting.,Fragmented licensed professionals and trust-heavy conversion make $10K-$100K PPL accounts unlikely.
25,Farm accounting / tax advisory,Professional services,57.8,NO-GO,C,400,11.36,35.03,50.0,50,40,CPC indicates valuable accounting demand.,True farm-advisory volume is small and buyer budgets are fragmented.
26,Farm wells / agricultural water systems,Infrastructure,56.9,NO-GO,C,110,0.05,1.64,24.5,50,40,Clear local need and property targeting.,Local contractor market with weak media-buyer capacity.
27,Agronomy / crop consulting,Professional services,53.3,NO-GO,C,1480,3.79,6.96,56.9,40,30,Some measurable demand and recurring client relationships.,Local relationship market with low enterprise-buyer capacity.
28,Agricultural drone spraying,Services,52.8,NO-GO,C,11070,1.45,3.97,58.4,40,30,Surprisingly strong clean search demand.,Service providers are too local/fragmented for the target contract size.
29,Agricultural legal services,Professional services,52.5,NO-GO,C,1200,2.58,11.15,54.9,40,30,Some high-value matters and measurable search.,State-specific legal practice and fragmented buyer base make national PPL distribution difficult.
